{
  "version": "2.2.4",
  "songName": "Go Kitty Go!",
  "artist": "dancing cats",
  "looped": false,
  "offsets": {
    "instrumental": 0,
    "altInstrumentals": {    },
    "vocals": {    },
    "altVocals": {    }
  },
  "playData": {
    "songVariations": [    ],
    "difficulties": [
      "hard"
    ],
    "characters": {
      "player": "bf",
      "girlfriend": "gf",
      "opponent": "dad",
      "instrumental": "",
      "opponentVocals": [
        "dad"
      ],
      "playerVocals": [
        "bf"
      ]
    },
    "stage": "mainStage",
    "noteStyle": "[text => Normal, id => Normal]",
    "ratings": {
      "hard": 0,
      "normal": 0
    },
    "previewStart": 9496,
    "previewEnd": 41122
  },
  "generatedBy": "Friday Night Funkin' - v0.5.0",
  "timeFormat": "ms",
  "timeChanges": [
    {
      "t": 0,
      "b": 0,
      "bpm": 135,
      "n": 4,
      "d": 4,
      "bt": [
        4,
        4,
        4,
        4
      ]
    }
  ]
}