{
  "version": "2.0.0",
  "scrollSpeed": {
    "hard": 2.4
  },
  "events": [  ],
  "notes": {
    "hard": [
      {
        "t": 3666.66666666667,
        "d": 2,
        "l": 0,
        "p": [        ]
      },
      {
        "t": 3888.88888888889,
        "d": 3,
        "l": 0,
        "p": [        ]
      },
      {
        "t": 4111.11111111111,
        "d": 2,
        "l": 222.222222222223,
        "p": [        ]
      },
      {
        "t": 4444.44444444444,
        "d": 0,
        "l": 0,
        "p": [        ]
      },
      {
        "t": 4777.77777777778,
        "d": 1,
        "l": 444.444444444444,
        "p": [        ]
      },
      {
        "t": 7000,
        "d": 1,
        "l": 0,
        "p": [        ]
      },
      {
        "t": 7111.11111111111,
        "d": 2,
        "l": 0,
        "p": [        ]
      },
      {
        "t": 7333.33333333333,
        "d": 0,
        "l": 0,
        "p": [        ]
      },
      {
        "t": 7555.55555555555,
        "d": 2,
        "l": 0,
        "p": [        ]
      },
      {
        "t": 8000,
        "d": 3,
        "l": 0,
        "p": [        ]
      },
      {
        "t": 8222.22222222222,
        "d": 0,
        "l": 0,
        "p": [        ]
      },
      {
        "t": 8444.44444444444,
        "d": 2,
        "l": 222.222222222223,
        "p": [        ]
      },
      {
        "t": 9000,
        "d": 0,
        "l": 0,
        "p": [        ]
      },
      {
        "t": 9222.22222222222,
        "d": 1,
        "l": 333.333333333334,
        "p": [        ]
      },
      {
        "t": 9777.77777777778,
        "d": 3,
        "l": 0,
        "p": [        ]
      },
      {
        "t": 10000,
        "d": 0,
        "l": 0,
        "p": [        ]
      },
      {
        "t": 10222.2222222222,
        "d": 1,
        "l": 0,
        "p": [        ]
      },
      {
        "t": 10555.5555555556,
        "d": 3,
        "l": 0,
        "p": [        ]
      },
      {
        "t": 10777.7777777778,
        "d": 1,
        "l": 0,
        "p": [        ]
      },
      {
        "t": 10777.7777777778,
        "d": 2,
        "l": 0,
        "p": [        ]
      },
      {
        "t": 11111.1111111111,
        "d": 3,
        "l": 0,
        "p": [        ]
      },
      {
        "t": 11111.1111111111,
        "d": 0,
        "l": 0,
        "p": [        ]
      },
      {
        "t": 11333.3333333333,
        "d": 1,
        "l": 0,
        "p": [        ]
      },
      {
        "t": 11555.5555555556,
        "d": 0,
        "l": 0,
        "p": [        ]
      },
      {
        "t": 11666.6666666667,
        "d": 1,
        "l": 0,
        "p": [        ]
      },
      {
        "t": 11777.7777777778,
        "d": 3,
        "l": 0,
        "p": [        ]
      },
      {
        "t": 12000,
        "d": 2,
        "l": 444.444444444445,
        "p": [        ]
      },
      {
        "t": 12555.5555555556,
        "d": 0,
        "l": 0,
        "p": [        ]
      },
      {
        "t": 12777.7777777778,
        "d": 3,
        "l": 0,
        "p": [        ]
      },
      {
        "t": 12888.8888888889,
        "d": 2,
        "l": 0,
        "p": [        ]
      },
      {
        "t": 13000,
        "d": 1,
        "l": 0,
        "p": [        ]
      },
      {
        "t": 13333.3333333333,
        "d": 2,
        "l": 0,
        "p": [        ]
      },
      {
        "t": 13555.5555555556,
        "d": 1,
        "l": 222.222222222221,
        "p": [        ]
      },
      {
        "t": 13888.8888888889,
        "d": 0,
        "l": 222.222222222223,
        "p": [        ]
      },
      {
        "t": 14222.2222222222,
        "d": 3,
        "l": 0,
        "p": [        ]
      },
      {
        "t": 14222.2222222222,
        "d": 2,
        "l": 0,
        "p": [        ]
      },
      {
        "t": 14666.6666666667,
        "d": 2,
        "l": 0,
        "p": [        ]
      },
      {
        "t": 14888.8888888889,
        "d": 1,
        "l": 0,
        "p": [        ]
      },
      {
        "t": 15111.1111111111,
        "d": 0,
        "l": 0,
        "p": [        ]
      },
      {
        "t": 15111.1111111111,
        "d": 1,
        "l": 0,
        "p": [        ]
      },
      {
        "t": 15555.5555555556,
        "d": 1,
        "l": 0,
        "p": [        ]
      },
      {
        "t": 15777.7777777778,
        "d": 2,
        "l": 0,
        "p": [        ]
      },
      {
        "t": 16000,
        "d": 2,
        "l": 0,
        "p": [        ]
      },
      {
        "t": 16000,
        "d": 3,
        "l": 333.333333333334,
        "p": [        ]
      },
      {
        "t": 16444.4444444444,
        "d": 2,
        "l": 0,
        "p": [        ]
      },
      {
        "t": 16666.6666666667,
        "d": 1,
        "l": 0,
        "p": [        ]
      },
      {
        "t": 16888.8888888889,
        "d": 0,
        "l": 0,
        "p": [        ]
      },
      {
        "t": 16888.8888888889,
        "d": 1,
        "l": 0,
        "p": [        ]
      },
      {
        "t": 17333.3333333333,
        "d": 0,
        "l": 0,
        "p": [        ]
      },
      {
        "t": 17555.5555555556,
        "d": 3,
        "l": 0,
        "p": [        ]
      },
      {
        "t": 17777.7777777778,
        "d": 2,
        "l": 333.333333333332,
        "p": [        ]
      },
      {
        "t": 17777.7777777778,
        "d": 1,
        "l": 333.333333333332,
        "p": [        ]
      },
      {
        "t": 18222.2222222222,
        "d": 0,
        "l": 0,
        "p": [        ]
      },
      {
        "t": 18444.4444444444,
        "d": 3,
        "l": 0,
        "p": [        ]
      },
      {
        "t": 18666.6666666667,
        "d": 1,
        "l": 333.333333333332,
        "p": [        ]
      },
      {
        "t": 18666.6666666667,
        "d": 2,
        "l": 333.333333333332,
        "p": [        ]
      },
      {
        "t": 19111.1111111111,
        "d": 0,
        "l": 0,
        "p": [        ]
      },
      {
        "t": 19333.3333333333,
        "d": 3,
        "l": 0,
        "p": [        ]
      },
      {
        "t": 19555.5555555556,
        "d": 1,
        "l": 333.333333333332,
        "p": [        ]
      },
      {
        "t": 19555.5555555556,
        "d": 2,
        "l": 333.333333333332,
        "p": [        ]
      },
      {
        "t": 20000,
        "d": 2,
        "l": 0,
        "p": [        ]
      },
      {
        "t": 20222.2222222222,
        "d": 1,
        "l": 0,
        "p": [        ]
      },
      {
        "t": 20444.4444444444,
        "d": 3,
        "l": 0,
        "p": [        ]
      },
      {
        "t": 20444.4444444444,
        "d": 0,
        "l": 0,
        "p": [        ]
      },
      {
        "t": 21555.5555555556,
        "d": 0,
        "l": 222.222222222223,
        "p": [        ]
      },
      {
        "t": 21777.7777777778,
        "d": 1,
        "l": 222.222222222219,
        "p": [        ]
      },
      {
        "t": 22000,
        "d": 2,
        "l": 222.222222222223,
        "p": [        ]
      },
      {
        "t": 22333.3333333333,
        "d": 3,
        "l": 222.222222222223,
        "p": [        ]
      },
      {
        "t": 22555.5555555556,
        "d": 2,
        "l": 222.222222222219,
        "p": [        ]
      },
      {
        "t": 22777.7777777778,
        "d": 1,
        "l": 222.222222222223,
        "p": [        ]
      },
      {
        "t": 23000,
        "d": 0,
        "l": 222.222222222223,
        "p": [        ]
      },
      {
        "t": 23222.2222222222,
        "d": 1,
        "l": 222.222222222223,
        "p": [        ]
      },
      {
        "t": 23444.4444444444,
        "d": 2,
        "l": 222.222222222223,
        "p": [        ]
      },
      {
        "t": 23666.6666666667,
        "d": 3,
        "l": 333.333333333332,
        "p": [        ]
      },
      {
        "t": 24000,
        "d": 2,
        "l": 222.222222222223,
        "p": [        ]
      },
      {
        "t": 24222.2222222222,
        "d": 1,
        "l": 222.222222222223,
        "p": [        ]
      },
      {
        "t": 24444.4444444444,
        "d": 0,
        "l": 222.222222222223,
        "p": [        ]
      },
      {
        "t": 25000,
        "d": 0,
        "l": 0,
        "p": [        ]
      },
      {
        "t": 25222.2222222222,
        "d": 3,
        "l": 0,
        "p": [        ]
      },
      {
        "t": 25444.4444444444,
        "d": 2,
        "l": 0,
        "p": [        ]
      },
      {
        "t": 25888.8888888889,
        "d": 1,
        "l": 0,
        "p": [        ]
      },
      {
        "t": 26111.1111111111,
        "d": 2,
        "l": 666.666666666664,
        "p": [        ]
      },
      {
        "t": 28333.3333333333,
        "d": 2,
        "l": 0,
        "p": [        ]
      },
      {
        "t": 28555.5555555556,
        "d": 0,
        "l": 0,
        "p": [        ]
      },
      {
        "t": 28777.7777777778,
        "d": 3,
        "l": 0,
        "p": [        ]
      },
      {
        "t": 28888.8888888889,
        "d": 2,
        "l": 0,
        "p": [        ]
      },
      {
        "t": 29111.1111111111,
        "d": 0,
        "l": 0,
        "p": [        ]
      },
      {
        "t": 29222.2222222222,
        "d": 3,
        "l": 0,
        "p": [        ]
      },
      {
        "t": 29444.4444444444,
        "d": 0,
        "l": 0,
        "p": [        ]
      },
      {
        "t": 29666.6666666667,
        "d": 1,
        "l": 0,
        "p": [        ]
      },
      {
        "t": 29666.6666666667,
        "d": 2,
        "l": 0,
        "p": [        ]
      },
      {
        "t": 30222.2222222222,
        "d": 0,
        "l": 0,
        "p": [        ]
      },
      {
        "t": 30444.4444444444,
        "d": 1,
        "l": 0,
        "p": [        ]
      },
      {
        "t": 30666.6666666667,
        "d": 3,
        "l": 0,
        "p": [        ]
      },
      {
        "t": 30888.8888888889,
        "d": 1,
        "l": 0,
        "p": [        ]
      },
      {
        "t": 31111.1111111111,
        "d": 3,
        "l": 0,
        "p": [        ]
      },
      {
        "t": 31333.3333333333,
        "d": 1,
        "l": 0,
        "p": [        ]
      },
      {
        "t": 31444.4444444444,
        "d": 0,
        "l": 0,
        "p": [        ]
      },
      {
        "t": 31777.7777777778,
        "d": 2,
        "l": 0,
        "p": [        ]
      },
      {
        "t": 31888.8888888889,
        "d": 3,
        "l": 222.222222222223,
        "p": [        ]
      },
      {
        "t": 32222.2222222222,
        "d": 2,
        "l": 0,
        "p": [        ]
      },
      {
        "t": 32444.4444444444,
        "d": 0,
        "l": 0,
        "p": [        ]
      },
      {
        "t": 32555.5555555556,
        "d": 3,
        "l": 0,
        "p": [        ]
      },
      {
        "t": 32888.8888888889,
        "d": 2,
        "l": 0,
        "p": [        ]
      },
      {
        "t": 33111.1111111111,
        "d": 1,
        "l": 0,
        "p": [        ]
      },
      {
        "t": 33333.3333333333,
        "d": 0,
        "l": 0,
        "p": [        ]
      },
      {
        "t": 33555.5555555556,
        "d": 3,
        "l": 0,
        "p": [        ]
      },
      {
        "t": 33888.8888888889,
        "d": 1,
        "l": 0,
        "p": [        ]
      },
      {
        "t": 34111.1111111111,
        "d": 2,
        "l": 0,
        "p": [        ]
      },
      {
        "t": 34333.3333333333,
        "d": 0,
        "l": 0,
        "p": [        ]
      },
      {
        "t": 34555.5555555556,
        "d": 3,
        "l": 0,
        "p": [        ]
      },
      {
        "t": 34666.6666666667,
        "d": 2,
        "l": 0,
        "p": [        ]
      },
      {
        "t": 34777.7777777778,
        "d": 1,
        "l": 0,
        "p": [        ]
      },
      {
        "t": 34888.8888888889,
        "d": 0,
        "l": 0,
        "p": [        ]
      },
      {
        "t": 35111.1111111111,
        "d": 1,
        "l": 0,
        "p": [        ]
      },
      {
        "t": 35111.1111111111,
        "d": 2,
        "l": 0,
        "p": [        ]
      },
      {
        "t": 35333.3333333333,
        "d": 3,
        "l": 0,
        "p": [        ]
      },
      {
        "t": 35333.3333333333,
        "d": 0,
        "l": 0,
        "p": [        ]
      },
      {
        "t": 35555.5555555556,
        "d": 3,
        "l": 0,
        "p": [        ]
      },
      {
        "t": 35555.5555555556,
        "d": 2,
        "l": 0,
        "p": [        ]
      },
      {
        "t": 36000,
        "d": 2,
        "l": 0,
        "p": [        ]
      },
      {
        "t": 36222.2222222222,
        "d": 1,
        "l": 0,
        "p": [        ]
      },
      {
        "t": 36444.4444444444,
        "d": 0,
        "l": 0,
        "p": [        ]
      },
      {
        "t": 36444.4444444444,
        "d": 1,
        "l": 0,
        "p": [        ]
      },
      {
        "t": 36888.8888888889,
        "d": 1,
        "l": 0,
        "p": [        ]
      },
      {
        "t": 37111.1111111111,
        "d": 2,
        "l": 0,
        "p": [        ]
      },
      {
        "t": 37333.3333333333,
        "d": 2,
        "l": 0,
        "p": [        ]
      },
      {
        "t": 37333.3333333333,
        "d": 3,
        "l": 333.333333333336,
        "p": [        ]
      },
      {
        "t": 37777.7777777778,
        "d": 2,
        "l": 0,
        "p": [        ]
      },
      {
        "t": 38000,
        "d": 1,
        "l": 0,
        "p": [        ]
      },
      {
        "t": 38222.2222222222,
        "d": 1,
        "l": 0,
        "p": [        ]
      },
      {
        "t": 38222.2222222222,
        "d": 0,
        "l": 333.333333333336,
        "p": [        ]
      },
      {
        "t": 39111.1111111111,
        "d": 2,
        "l": 333.333333333328,
        "p": [        ]
      },
      {
        "t": 39111.1111111111,
        "d": 1,
        "l": 333.333333333328,
        "p": [        ]
      },
      {
        "t": 39555.5555555556,
        "d": 0,
        "l": 0,
        "p": [        ]
      },
      {
        "t": 39777.7777777778,
        "d": 3,
        "l": 0,
        "p": [        ]
      },
      {
        "t": 40000,
        "d": 1,
        "l": 333.333333333336,
        "p": [        ]
      },
      {
        "t": 40000,
        "d": 2,
        "l": 333.333333333336,
        "p": [        ]
      },
      {
        "t": 40444.4444444444,
        "d": 3,
        "l": 0,
        "p": [        ]
      },
      {
        "t": 40666.6666666667,
        "d": 0,
        "l": 0,
        "p": [        ]
      },
      {
        "t": 40888.8888888889,
        "d": 1,
        "l": 333.333333333336,
        "p": [        ]
      },
      {
        "t": 40888.8888888889,
        "d": 2,
        "l": 333.333333333336,
        "p": [        ]
      },
      {
        "t": 41444.4444444444,
        "d": 1,
        "l": 0,
        "p": [        ]
      },
      {
        "t": 41444.4444444444,
        "d": 0,
        "l": 0,
        "p": [        ]
      },
      {
        "t": 41555.5555555556,
        "d": 3,
        "l": 0,
        "p": [        ]
      },
      {
        "t": 41555.5555555556,
        "d": 2,
        "l": 0,
        "p": [        ]
      },
      {
        "t": 41777.7777777778,
        "d": 0,
        "l": 555.555555555555,
        "p": [        ]
      },
      {
        "t": 41777.7777777778,
        "d": 3,
        "l": 555.555555555555,
        "p": [        ]
      },
      {
        "t": 43333.3333333333,
        "d": 3,
        "l": 0,
        "p": [        ]
      },
      {
        "t": 43333.3333333333,
        "d": 1,
        "l": 0,
        "p": [        ]
      },
      {
        "t": 43555.5555555556,
        "d": 0,
        "l": 444.444444444438,
        "p": [        ]
      },
      {
        "t": 43555.5555555556,
        "d": 2,
        "l": 444.444444444438,
        "p": [        ]
      },
      {
        "t": 44111.1111111111,
        "d": 3,
        "l": 0,
        "p": [        ]
      },
      {
        "t": 44111.1111111111,
        "d": 1,
        "l": 0,
        "p": [        ]
      },
      {
        "t": 44333.3333333333,
        "d": 0,
        "l": 0,
        "p": [        ]
      },
      {
        "t": 44333.3333333333,
        "d": 2,
        "l": 0,
        "p": [        ]
      },
      {
        "t": 44555.5555555556,
        "d": 3,
        "l": 1555.55555555555,
        "p": [        ]
      },
      {
        "t": 44555.5555555556,
        "d": 1,
        "l": 1555.55555555555,
        "p": [        ]
      }
    ]
  },
  "generatedBy": "Friday Night Funkin' - v0.5.0"
}